<?xml version="1.0" encoding="UTF-8"?>
<!DOCTYPE generatorConfiguration
        PUBLIC "-//mybatis.org//DTD MyBatis Generator Configuration 1.0//EN"
        "http://mybatis.org/dtd/mybatis-generator-config_1_0.dtd">
<generatorConfiguration>
<!--   参考： https://www.jianshu.com/p/6d2103451dcb-->
    <!-- 数据库驱动:选择你的本地硬盘上面的数据库驱动包 -->
    <classPathEntry
            location="D:/year4/demo/.idea/libraries/mysql-connector-java-8.0.23.jar" />
    <!-- 如果不要生成example就用MyBatis3Simple -->
    <context id="DB2Tables" targetRuntime="MyBatis3Simple">
        <commentGenerator>
            <!-- 生成注释是否包含生成时间 -->
            <property name="suppressDate" value="true" />
            <!-- 是否去除自动生成的注释 true：是 ： false:否 -->
            <property name="suppressAllComments" value="true" />
        </commentGenerator>
        <!--数据库链接URL，用户名、密码 ?useUnicode=true&amp;characterEncoding=UTF-8&amp;serverTimezone=UTC -->
        <jdbcConnection driverClass="com.mysql.jdbc.Driver"
                        connectionURL="jdbc:mysql://localhost:3306/test?useSSL=false&amp;serverTimezone=UTC"
                        userId="root" password="123">
            <property name="nullCatalogMeansCurrent" value="true" />
        </jdbcConnection>
        <javaTypeResolver>
            <!-- 是否将数据库中的decimal 转为java的BigDecimal -->
            <property name="forceBigDecimals" value="false" />
        </javaTypeResolver>
        <!-- 生成bean的包名和位置 -->
        <javaModelGenerator
                targetPackage="com.example.demo.entity" targetProject="src/main/java">
            <property name="enableSubPackages" value="true" />
            <property name="trimStrings" value="true" />
        </javaModelGenerator>
        <!-- 生成映射文件Mapper的包名和位置 -->
        <sqlMapGenerator targetPackage="com.example.demo.mapper"
                         targetProject="src/main/java">
            <property name="enableSubPackages" value="true" />
        </sqlMapGenerator>
        <!-- 生成DAO的包名和位置 -->
        <javaClientGenerator type="XMLMAPPER"
                             targetPackage="com.example.demo.mapper" targetProject="src/main/java">
            <property name="enableSubPackages" value="true" />
        </javaClientGenerator>


        <!--生成service,serviceImpl-->
<!--        <javaServiceGenerator targetPackage="com.shsoft.platform.service" targetProject="src/main/java"-->
<!--                              implementationPackage="com.shsoft.platform.service">-->
<!--        </javaServiceGenerator>-->

<!--        &lt;!&ndash;生成controller&ndash;&gt;-->
<!--        <javaControllerGenerator targetPackage="com.shsoft.platform.ctrl" targetProject="src/main/java">-->
<!--            <property name="superClass" value="com.shsoft.platform.ctrl.BaseController"></property>-->
<!--        </javaControllerGenerator>-->

        <table tableName="t_user" enableCountByExample="false" enableDeleteByExample="false"
               enableSelectByExample="false"
               enableUpdateByExample="false"
               domainObjectName="User"/>
        <table tableName="t_type" enableCountByExample="false" enableDeleteByExample="false"
               enableSelectByExample="false"
               enableUpdateByExample="false"
               domainObjectName="Type"/>
        <table tableName="t_scan" enableCountByExample="false" enableDeleteByExample="false"
               enableSelectByExample="false"
               enableUpdateByExample="false"
               domainObjectName="Scan"/>
        <table tableName="t_recipes" enableCountByExample="false" enableDeleteByExample="false"
               enableSelectByExample="false"
               enableUpdateByExample="false"
               domainObjectName="Recipes"/>
        <table tableName="t_like" enableCountByExample="false" enableDeleteByExample="false"
               enableSelectByExample="false"
               enableUpdateByExample="false"
               domainObjectName="Like"/>
        <table tableName="t_follow" enableCountByExample="false" enableDeleteByExample="false"
               enableSelectByExample="false"
               enableUpdateByExample="false"
               domainObjectName="Follow"/>
        <table tableName="t_comment" enableCountByExample="false" enableDeleteByExample="false"
               enableSelectByExample="false"
               enableUpdateByExample="false"
               domainObjectName="Comment"/>
        <table tableName="t_collection" enableCountByExample="false" enableDeleteByExample="false"
               enableSelectByExample="false"
               enableUpdateByExample="false"
               domainObjectName="Collection"/>

<!--        <table schema="recipes" tableName="t_user"-->
<!--               domainObjectName="Recipes" />-->
<!--        <table schema="recipes" tableName="t_collection"-->
<!--               domainObjectName="Collection" />-->
<!--        <table schema="recipes" tableName="t_like"-->
<!--               domainObjectName="Like" />-->
<!--        <table schema="recipes" tableName="t_comment"-->
<!--               domainObjectName="Comment" />-->
<!--        <table schema="recipes" tableName="t_scan"-->
<!--               domainObjectName="Scan" />-->
<!--        <table schema="recipes" tableName="t_follow"-->
<!--               domainObjectName="Follow" />-->
    </context>
</generatorConfiguration>