<?xml version="1.0" encoding="UTF-8" ?>
<!DOCTYPE mapper PUBLIC "-//mybatis.org//DTD Mapper 3.0//EN" "http://mybatis.org/dtd/mybatis-3-mapper.dtd" >
<mapper namespace="com.example.demo.mapper.CollectionMapper" >
  <resultMap id="BaseResultMap" type="com.example.demo.entity.Collection" >
    <id column="id" property="id" jdbcType="INTEGER" />
    <result column="rid" property="rid" jdbcType="INTEGER" />
    <result column="uid" property="uid" jdbcType="INTEGER" />
  </resultMap>
  <delete id="deleteByPrimaryKey" parameterType="java.lang.Integer" >
    delete from t_collection
    where id = #{id,jdbcType=INTEGER}
  </delete>
  <insert id="insert" parameterType="com.example.demo.entity.Collection" >
    insert into t_collection (id, rid, uid)
    values (#{id,jdbcType=INTEGER}, #{rid,jdbcType=INTEGER}, #{uid,jdbcType=INTEGER})
  </insert>
  <update id="updateByPrimaryKey" parameterType="com.example.demo.entity.Collection" >
    update t_collection
    set rid = #{rid,jdbcType=INTEGER},
      uid = #{uid,jdbcType=INTEGER}
    where id = #{id,jdbcType=INTEGER}
  </update>
  <select id="selectByPrimaryKey" resultMap="BaseResultMap" parameterType="java.lang.Integer" >
    select id, rid, uid
    from t_collection
    where id = #{id,jdbcType=INTEGER}
  </select>
  <select id="selectAll" resultMap="BaseResultMap" >
    select id, rid, uid
    from t_collection
  </select>
</mapper>