<?xml version="1.0" encoding="UTF-8" ?>
<!DOCTYPE mapper PUBLIC "-//mybatis.org//DTD Mapper 3.0//EN" "http://mybatis.org/dtd/mybatis-3-mapper.dtd" >
<mapper namespace="com.example.demo.mapper.CommentMapper" >
  <resultMap id="BaseResultMap" type="com.example.demo.entity.Comment" >
    <id column="id" property="id" jdbcType="INTEGER" />
    <result column="rid" property="rid" jdbcType="INTEGER" />
    <result column="commentUserId" property="commentuserid" jdbcType="INTEGER" />
    <result column="beCommentUserId" property="becommentuserid" jdbcType="INTEGER" />
    <result column="content" property="content" jdbcType="VARCHAR" />
    <result column="createtime" property="createtime" jdbcType="TIMESTAMP" />
  </resultMap>
  <delete id="deleteByPrimaryKey" parameterType="java.lang.Integer" >
    delete from t_comment
    where id = #{id,jdbcType=INTEGER}
  </delete>
  <insert id="insert" parameterType="com.example.demo.entity.Comment" >
    insert into t_comment (id, rid, commentUserId, 
      beCommentUserId, content, createtime
      )
    values (#{id,jdbcType=INTEGER}, #{rid,jdbcType=INTEGER}, #{commentuserid,jdbcType=INTEGER}, 
      #{becommentuserid,jdbcType=INTEGER}, #{content,jdbcType=VARCHAR}, #{createtime,jdbcType=TIMESTAMP}
      )
  </insert>
  <update id="updateByPrimaryKey" parameterType="com.example.demo.entity.Comment" >
    update t_comment
    set rid = #{rid,jdbcType=INTEGER},
      commentUserId = #{commentuserid,jdbcType=INTEGER},
      beCommentUserId = #{becommentuserid,jdbcType=INTEGER},
      content = #{content,jdbcType=VARCHAR},
      createtime = #{createtime,jdbcType=TIMESTAMP}
    where id = #{id,jdbcType=INTEGER}
  </update>
  <select id="selectByPrimaryKey" resultMap="BaseResultMap" parameterType="java.lang.Integer" >
    select id, rid, commentUserId, beCommentUserId, content, createtime
    from t_comment
    where id = #{id,jdbcType=INTEGER}
  </select>
  <select id="selectAll" resultMap="BaseResultMap" >
    select id, rid, commentUserId, beCommentUserId, content, createtime
    from t_comment
  </select>
</mapper>