<?xml version="1.0" encoding="UTF-8" ?>
<!DOCTYPE mapper PUBLIC "-//mybatis.org//DTD Mapper 3.0//EN" "http://mybatis.org/dtd/mybatis-3-mapper.dtd" >
<mapper namespace="com.example.demo.mapper.RecipesMapper" >
  <resultMap id="BaseResultMap" type="com.example.demo.entity.Recipes" >
    <id column="id" property="id" jdbcType="INTEGER" />
    <result column="pic" property="pic" jdbcType="VARCHAR" />
    <result column="title" property="title" jdbcType="VARCHAR" />
    <result column="materials" property="materials" jdbcType="VARCHAR" />
    <result column="steps" property="steps" jdbcType="VARCHAR" />
    <result column="content" property="content" jdbcType="VARCHAR" />
    <result column="uid" property="uid" jdbcType="INTEGER" />
    <result column="createtime" property="createtime" jdbcType="TIMESTAMP" />
    <result column="typeid" property="typeid" jdbcType="INTEGER" />
  </resultMap>
  <delete id="deleteByPrimaryKey" parameterType="java.lang.Integer" >
    delete from t_recipes
    where id = #{id,jdbcType=INTEGER}
  </delete>
  <insert id="insert" parameterType="com.example.demo.entity.Recipes" >
    insert into t_recipes (id, pic, title, 
      materials, steps, content, 
      uid, createtime, typeid
      )
    values (#{id,jdbcType=INTEGER}, #{pic,jdbcType=VARCHAR}, #{title,jdbcType=VARCHAR}, 
      #{materials,jdbcType=VARCHAR}, #{steps,jdbcType=VARCHAR}, #{content,jdbcType=VARCHAR}, 
      #{uid,jdbcType=INTEGER}, #{createtime,jdbcType=TIMESTAMP}, #{typeid,jdbcType=INTEGER}
      )
  </insert>
  <update id="updateByPrimaryKey" parameterType="com.example.demo.entity.Recipes" >
    update t_recipes
    set pic = #{pic,jdbcType=VARCHAR},
      title = #{title,jdbcType=VARCHAR},
      materials = #{materials,jdbcType=VARCHAR},
      steps = #{steps,jdbcType=VARCHAR},
      content = #{content,jdbcType=VARCHAR},
      uid = #{uid,jdbcType=INTEGER},
      createtime = #{createtime,jdbcType=TIMESTAMP},
      typeid = #{typeid,jdbcType=INTEGER}
    where id = #{id,jdbcType=INTEGER}
  </update>
  <select id="selectByPrimaryKey" resultMap="BaseResultMap" parameterType="java.lang.Integer" >
    select id, pic, title, materials, steps, content, uid, createtime, typeid
    from t_recipes
    where id = #{id,jdbcType=INTEGER}
  </select>
  <select id="selectAll" resultMap="BaseResultMap" >
    select id, pic, title, materials, steps, content, uid, createtime, typeid
    from t_recipes
  </select>
</mapper>